{
  "DQ_detailed_report_path": "s3://cmg-oasis-qa-mars/data_quality/detailed_report/",
  "Custom_SQL": [
    {
      "DQ_sql": "select  o.brand_name as old_brand, n.brand_name as new_brand, o.channel as old_channel, n.channel as new_channel\nfrom  \n( select distinct upper(brand_name) as brand_name, upper(regexp_replace(channel, '[^A-Za-z0-9]+', '_')) as channel from oasis_landing_mars.sst_all_media_summary_bimonthly ) as n\nfull join\n( select distinct upper(brand) as brand_name, upper(regexp_replace(channel, '[^A-Za-z0-9]+', '_')) as channel from oasis_landing_mars.mars_xo_digital_campaign ) as o\non o.brand_name = n.brand_name and o.channel = n.channel",
      "DQ_ruleset": "Rules = [ColumnValues \"old_channel\" not in [NULL, EMPTY, WHITESPACES_ONLY] , ColumnValues \"new_channel\" not in [NULL, EMPTY, WHITESPACES_ONLY] , ColumnValues \"new_brand\" not in [NULL, EMPTY, WHITESPACES_ONLY] , ColumnValues \"old_brand\" not in [NULL, EMPTY, WHITESPACES_ONLY] ]",
      "DQ_check_name": "Cases where there is a brand or channel missing when we do the comparison between the latest XO data versus the last load of the XO data",
      "DQ_layer": "landing",
      "Sheet_name": "XO Brand Channel Comp"
    },
    {
      "DQ_sql": "select product_brand_name, year_month, audience, channel , sum(reach) as reach, sum(cost) as cost \n    from oasis_normalized_mars.mars_tam_staging \n    where year_month > '202201'\n    group by 1,2,4,3",
      "DQ_ruleset": "Rules = [((ColumnValues \"cost\" = 0) or (ColumnValues \"reach\" != 0))]",
      "DQ_check_name": "When we don't have activity but we have some spend",
      "DQ_layer": "normalized",
      "Sheet_name": "TAM Missing Activity"
    },
    {
      "DQ_sql": "select product_brand_name, year_month, audience, channel , sum(reach) as reach, sum(cost) as cost \n    from oasis_normalized_mars.mars_speaker_staging \n    where year_month > '202201'\n    group by 1,2,4,3",
      "DQ_ruleset": "Rules = [((ColumnValues \"cost\" = 0) or (ColumnValues \"reach\" != 0))]",
      "DQ_check_name": "When activity is present spend should also be there and when activity is zero then spend should also be zero for speaker",
      "DQ_layer": "normalized",
      "Sheet_name": "Speaker Missing Activity"
    },
    {
      "DQ_sql": "with historical as (\n    select cast(version as integer) as version, count(*) as count\n    from oasis_summarized_mars.mars_pivot_historical \n    group by version order by version\n),\nnext_count_tb as (\n    select version, count, coalesce(lead(count) over (order by version), count) as next_count from historical\n)\nselect * , next_count - count as diff from next_count_tb",
      "DQ_ruleset": "Rules = [ColumnValues \"diff\" >= 0 ]",
      "DQ_check_name": "Rows of feature table has to be increasing in every iterations ",
      "DQ_layer": "normalized",
      "Sheet_name": "Row count Pivot Table"
    },
    {
      "DQ_sql": "with distinct_year_month as (\nselect distinct product_brand_name, to_date(year_month, 'yyyyMM') as year_month_in_date , year_month\nfrom oasis_summarized_mars.mars_sales \nwhere year_month >= '202201'\n),\nlead_year_month as (\nselect * ,  coalesce(lead(year_month_in_date) over (partition by product_brand_name order by year_month_in_date), add_months(year_month_in_date,1)) as next_year_month_in_date\nfrom distinct_year_month\n)\nselect product_brand_name, year_month, date_format(next_year_month_in_date, 'yyyyMM') as next_year_month, datediff(month, year_month_in_date, next_year_month_in_date) as month_diff from lead_year_month",
      "DQ_ruleset": "Rules = [ColumnValues \"month_diff\" = 1 ]",
      "DQ_check_name": "Missing months - Validate every month is present in sales data ",
      "DQ_layer": "normalized",
      "Sheet_name": "Missing Year Month in Sales"
    },
    {
      "DQ_sql": "with distinct_year_month as (\nselect distinct product_brand_name, to_date(year_month, 'yyyyMM') as year_month_in_date , year_month\nfrom oasis_normalized_mars.mars_tam_staging \nwhere year_month >= '202201'\n),\nlead_year_month as (\nselect * ,  coalesce(lead(year_month_in_date) over (partition by product_brand_name order by year_month_in_date), add_months(year_month_in_date,1)) as next_year_month_in_date\nfrom distinct_year_month\n)\nselect product_brand_name, year_month, date_format(next_year_month_in_date, 'yyyyMM') as next_year_month, datediff(month, year_month_in_date, next_year_month_in_date) as month_diff from lead_year_month",
      "DQ_ruleset": "Rules = [ColumnValues \"month_diff\" = 1 ]",
      "DQ_check_name": "Missing months - Validate every month is present in TAM data ",
      "DQ_layer": "normalized",
      "Sheet_name": "Missing Year Month in TAM"
    },
    {
      "DQ_sql": "with distinct_year_month as (\nselect distinct product_brand_name, to_date(year_month, 'yyyyMM') as year_month_in_date , year_month\nfrom oasis_normalized_mars.mars_speaker_staging \nwhere year_month >= '202201'\n),\nlead_year_month as (\nselect * ,  coalesce(lead(year_month_in_date) over (partition by product_brand_name order by year_month_in_date), add_months(year_month_in_date,1)) as next_year_month_in_date\nfrom distinct_year_month\n)\nselect product_brand_name, year_month, date_format(next_year_month_in_date, 'yyyyMM') as next_year_month, datediff(month, year_month_in_date, next_year_month_in_date) as month_diff from lead_year_month",
      "DQ_ruleset": "Rules = [ColumnValues \"month_diff\" = 1 ]",
      "DQ_check_name": "Missing months - Validate every month is present in Speaker data ",
      "DQ_layer": "normalized",
      "Sheet_name": "Missing Year Month in Speaker"
    },
    {
      "DQ_sql": "with distinct_year_month as (\nselect distinct product_brand_name, to_date(year_month, 'yyyyMM') as year_month_in_date , year_month\nfrom oasis_normalized_mars.mars_xo_staging \nwhere year_month >= '202201'\n),\nlead_year_month as (\nselect * ,  coalesce(lead(year_month_in_date) over (partition by product_brand_name order by year_month_in_date), add_months(year_month_in_date,1)) as next_year_month_in_date\nfrom distinct_year_month\n)\nselect product_brand_name, year_month, date_format(next_year_month_in_date, 'yyyyMM') as next_year_month, datediff(month, year_month_in_date, next_year_month_in_date) as month_diff from lead_year_month",
      "DQ_ruleset": "Rules = [ColumnValues \"month_diff\" = 1 ]",
      "DQ_check_name": "Missing months - Validate every month is present in XO data ",
      "DQ_layer": "normalized",
      "Sheet_name": "Missing Year Month in XO"
    },
    {
      "DQ_sql": "select distinct(zip_code) as zip_code from oasis_landing_mars.sst_all_media_summary_bimonthly",
      "DQ_ruleset": "Rules = [(ColumnValues \"zip_code\" matches \"^[0-9]*$\") and (ColumnValues \"zip_code\" not in [NULL, EMPTY, WHITESPACES_ONLY])]",
      "DQ_check_name": "Zip code column data has to be numeric",
      "DQ_layer": "landing",
      "Sheet_name": "Zip code Format"
    },
    {
      "DQ_sql": "with distinct_year_month as (\nselect distinct product_brand_name, to_date(date_year_month, 'yyyyMM') as year_month_in_date , date_year_month as year_month\nfrom oasis_summarized_mars.mars_hcp_count_with_date  \nwhere date_year_month >= '202201'\n),\nlead_year_month as (\nselect * ,  coalesce(lead(year_month_in_date) over (partition by product_brand_name order by year_month_in_date), add_months(year_month_in_date,1)) as next_year_month_in_date\nfrom distinct_year_month\n)\nselect product_brand_name, year_month, date_format(next_year_month_in_date, 'yyyyMM') as next_year_month, datediff(month, year_month_in_date, next_year_month_in_date) as month_diff from lead_year_month",
      "DQ_ruleset": "Rules = [ColumnValues \"month_diff\" = 1 ]",
      "DQ_check_name": "Missing months - Validate every month is present in HCP count with date table",
      "DQ_layer": "normalized",
      "Sheet_name": "Missing Year Month in HCP with date",
      "Skip_DQ": true
    },
    {
      "DQ_sql": "with brand_list as (\n    SELECT * \n    from  (\n        SELECT explode(ARRAY ('ACTEMRA','EVRYSDI','GAZYVA','HEMLIBRA','OCREVUS','POLIVY', 'PERJETA','PHESGO','TECENTRIQ','VABYSMO','XOLAIR','COLUMVI','LUNSUMIO')) AS product_brand_name\n        )\n    CROSS JOIN (\n        SELECT explode(ARRAY ('oasis_normalized_mars.mars_speaker_staging',\n        'oasis_summarized_mars.mars_sales',\n        -- 'oasis_summarized_mars.mars_hcp_count_with_date',\n        'oasis_normalized_mars.mars_xo_staging',\n        'oasis_normalized_mars.mars_tam_staging'\n        )) AS table_name\n        )\n),\nbrand_in_tables as (\n    select distinct product_brand_name, 'oasis_normalized_mars.mars_speaker_staging' as table_name\n    from oasis_normalized_mars.mars_speaker_staging\n    union\n    --    select 'ACTEMRA' as product_brand_name, 'oasis_normalized_mars.mars_speaker_staging' as table_name\n    --    union\n    select distinct product_brand_name, 'oasis_summarized_mars.mars_sales' as table_name\n    from oasis_summarized_mars.mars_sales\n    union\n    select distinct product_brand_name, 'oasis_normalized_mars.mars_xo_staging' as table_name\n    from oasis_normalized_mars.mars_xo_staging\n    union\n    select distinct product_brand_name, 'oasis_normalized_mars.mars_tam_staging' as table_name\n    from oasis_normalized_mars.mars_tam_staging\n    -- union\n    -- select distinct product_brand_name, 'oasis_summarized_mars.mars_hcp_count_with_date' as table_name\n    -- from oasis_summarized_mars.mars_hcp_count_with_date\n)\nselect brand_list.product_brand_name as missing_brand, brand_list.table_name\nfrom brand_list left anti join brand_in_tables\non brand_list.product_brand_name = brand_in_tables.product_brand_name\nand brand_list.table_name = brand_in_tables.table_name",
      "DQ_ruleset": "Rules = [ColumnValues \"table_name\" not in [\"oasis_normalized_mars.mars_tam_staging\",\"oasis_normalized_mars.mars_xo_staging\",\"oasis_normalized_mars.mars_speaker_staging\",\"oasis_normalized_mars.mars_speaker_staging\"] ]",
      "DQ_check_name": "Missing product_brand_names from HCP_count_with date, Sales, Speaker, TAM and XO",
      "DQ_layer": "normalized",
      "Sheet_name": "Missing Product Brand names"
    },
    {
      "DQ_sql": "select distinct product_brand_name, 'oasis_normalized_mars.mars_speaker_staging' as table_name\nfrom oasis_normalized_mars.mars_speaker_staging\nunion\nselect distinct product_brand_name, 'oasis_summarized_mars.mars_sales' as table_name\nfrom oasis_summarized_mars.mars_sales\nunion\nselect distinct product_brand_name, 'oasis_summarized_mars.mars_sales' as table_name\nfrom oasis_summarized_mars.mars_sales\nunion\nselect distinct product_brand_name, 'oasis_summarized_mars.mars_sales' as table_name\nfrom oasis_summarized_mars.mars_sales\nunion\nselect distinct product_brand_name, 'oasis_normalized_mars.mars_xo_staging' as table_name\nfrom oasis_normalized_mars.mars_xo_staging\nunion\nselect distinct product_brand_name, 'oasis_normalized_mars.mars_tam_staging' as table_name\nfrom oasis_normalized_mars.mars_tam_staging\n-- union\n-- select distinct product_brand_name, 'oasis_summarized_mars.mars_hcp_count_with_date' as table_name\n-- from oasis_summarized_mars.mars_hcp_count_with_date",
      "DQ_ruleset": "Rules = [ColumnValues \"product_brand_name\" not in [\"ACTEMRA SC\",\"ACTEMRA IV\"] ]",
      "DQ_check_name": "ACTEMRA SC and ACTEMRA IV is considered as ACTEMRA across all domains",
      "DQ_layer": "normalized",
      "Sheet_name": "Merged ACTEMRA"
    },
    {
      "DQ_sql": "with etl_dataset as (\n    select distinct upper(trim(publisher)) as publisher, product_brand_name , trim(channel) as channel\n    from oasis_normalized_mars.mars_xo_staging\n    where upper(trim(publisher)) not in ('TAM_HD','SPEAKER_PROGRAM', 'CSO', 'TAM')\n),\noriginal_xo_dataset as (\n    select distinct upper(trim(replace(publisher,' ', '_'))) as publisher, upper(trim(brand_name)) as product_brand_name, trim(lower(regexp_replace(channel, '[^A-Za-z0-9]+', '_'))) as channel \n    from oasis_normalized_mars.mars_sst_all_media_summary_bimonthly_staging where upper(trim(brand_name)) != 'HER2'\n    union\n    select distinct upper(trim(replace(publisher,' ', '_'))) as publisher, 'PERJETA' as product_brand_name, trim(lower(regexp_replace(channel, '[^A-Za-z0-9]+', '_'))) as channel\n    from oasis_normalized_mars.mars_sst_all_media_summary_bimonthly_staging where upper(trim(brand_name)) = 'HER2'\n    union\n    select distinct upper(trim(replace(publisher,' ', '_'))) as publisher, 'PHESGO' as product_brand_name, trim(lower(regexp_replace(channel, '[^A-Za-z0-9]+', '_'))) as channel\n    from oasis_normalized_mars.mars_sst_all_media_summary_bimonthly_staging where upper(trim(brand_name)) = 'HER2'\n    union\n    select distinct upper(trim(replace(publisher,' ', '_'))) as publisher, 'KADCYLA' as product_brand_name, trim(lower(regexp_replace(channel, '[^A-Za-z0-9]+', '_'))) as channel\n    from oasis_normalized_mars.mars_sst_all_media_summary_bimonthly_staging where upper(trim(brand_name)) = 'HER2'\n),\nresult as (\nselect etl_dataset.product_brand_name as etl_brand, original_xo_dataset.product_brand_name as src_brand, etl_dataset.publisher as etl_publisher, original_xo_dataset.publisher as src_publisher, etl_dataset.channel as etl_channel, original_xo_dataset.channel as src_channel\nfrom etl_dataset full join original_xo_dataset\non original_xo_dataset.publisher = etl_dataset.publisher and original_xo_dataset.product_brand_name = etl_dataset.product_brand_name and original_xo_dataset.channel = etl_dataset.channel)\n\nselect *\nfrom result \nwhere etl_brand is null or etl_publisher is null or src_brand is null or src_publisher is null or src_channel is null or etl_channel is null ",
      "DQ_ruleset": "Rules = [ColumnValues \"src_channel\" not in [NULL, EMPTY, WHITESPACES_ONLY], ColumnValues \"etl_channel\" not in [NULL, EMPTY, WHITESPACES_ONLY]] ",
      "DQ_check_name": "Sub channel are correctly getting propagated till ETL table",
      "DQ_layer": "normalized",
      "Sheet_name": "Propogated Subchannel"
    },
    {
      "DQ_sql": "with sales_mce as (\n    select year_month, product_brand_name , total_sales_mce_exc*100/total_sales as mce_excluded_percent , 'sales_data' as domain \n    from oasis_normalized_mars.mars_sales_crosswalk_dq_staging \n)\n-- speaker_cost_mce as (\n--     select year_month, product_brand_name , cost_diff*100/input_total_cost as mce_excluded_percent , 'speaker_cost_data' as domain \n--     from oasis_normalized_mars.mars_speaker_crosswalk_dq_staging\n-- ),\n-- speaker_reach_mce as (\n--     select year_month, product_brand_name , reach_diff*100/input_hcp_reach as mce_excluded_percent , 'speaker_reach_data' as domain \n--     from oasis_normalized_mars.mars_speaker_crosswalk_dq_staging\n-- ),\n-- tam_reach_mce as (\n--     select date_year_month as year_month, product_brand_name , mce_diff*100/reach_before_mce as mce_excluded_percent , 'speaker_reach_data' as domain \n--     from oasis_normalized_mars.mars_tam_crosswalk_dq_staging\n-- )\nselect cast(year_month as string) as year_month, product_brand_name, mce_excluded_percent, domain from sales_mce\n-- union\n-- select cast(year_month as string) as year_month, product_brand_name, mce_excluded_percent, domain from speaker_reach_mce\n-- union \n-- select cast(year_month as string) as year_month, product_brand_name, mce_excluded_percent, domain from speaker_cost_mce\n-- union \n-- select cast(year_month as string) as year_month, product_brand_name, mce_excluded_percent, domain from tam_reach_mce",
      "DQ_ruleset": "Rules = [ColumnValues \"mce_excluded_percent\" between -5 and 5] ",
      "DQ_check_name": "MCE Exclusion process are not being dropped at a higher rates for Sales",
      "DQ_layer": "normalized",
      "Sheet_name": "Sales MCE Exclusions"
    },
    {
      "DQ_sql": "Select distinct brand_name, channel, publisher, audience, cast(month as string), cast(year as string) from oasis_landing_mars.sst_all_media_summary_bimonthly ",
      "DQ_ruleset": "Rules = [ColumnValues \"brand_name\" not in [NULL, EMPTY, WHITESPACES_ONLY], ColumnValues \"channel\" not in [NULL, EMPTY, WHITESPACES_ONLY], ColumnValues \"publisher\" not in [NULL, EMPTY, WHITESPACES_ONLY], ColumnValues \"audience\" not in [NULL, EMPTY, WHITESPACES_ONLY], ColumnValues \"month\" not in [NULL, EMPTY, WHITESPACES_ONLY], ColumnValues \"year\" not in [NULL, EMPTY, WHITESPACES_ONLY]]",
      "DQ_check_name": "Check nulls in XO table",
      "DQ_layer": "landing",
      "Sheet_name": "XO Null Checks"
    },
    {
      "DQ_sql": "Select distinct cast(event_total_cost as integer) as event_total_cost, cast(event_start_date as string) as event_start_date from oasis_landing_mars.speaker_bureau_events_daily",
      "DQ_ruleset": "Rules = [ColumnValues \"event_total_cost\"  >= 0 , ColumnValues \"event_start_date\" not in [NULL, EMPTY, WHITESPACES_ONLY]]",
      "DQ_check_name": "Check nulls in speaker_bureau_events_daily table",
      "DQ_layer": "landing",
      "Sheet_name": "Speaker Null Checks"
    },
    {
      "DQ_sql": "Select * from oasis_normalized_mars.mars_tam_staging limit 10",
      "DQ_ruleset": "Rules = [ColumnExists \"product_brand_name\", ColumnExists \"year_month\", ColumnExists \"zip\", ColumnExists \"audience\", ColumnExists \"channel\", ColumnExists \"reach\", ColumnExists \"cost\" ]",
      "DQ_check_name": "Check all important column exists in TAM ETL table",
      "DQ_layer": "normalized",
      "Sheet_name": "TAM Col exists"
    },
    {
      "DQ_sql": "Select * from oasis_normalized_mars.mars_speaker_staging limit 10",
      "DQ_ruleset": "Rules = [ColumnExists \"product_brand_name\", ColumnExists \"year_month\", ColumnExists \"zip\", ColumnExists \"audience\", ColumnExists \"channel\", ColumnExists \"reach\", ColumnExists \"cost\" ]",
      "DQ_check_name": "Check all important column exists in SPEAKER ETL table",
      "DQ_layer": "normalized",
      "Sheet_name": "Speaker Col exists"
    },
    {
      "DQ_sql": "Select * from oasis_normalized_mars.mars_xo_staging limit 10",
      "DQ_ruleset": "Rules = [ColumnExists \"product_brand_name\", ColumnExists \"year_month\", ColumnExists \"zip\", ColumnExists \"audience\", ColumnExists \"channel\", ColumnExists \"reach\", ColumnExists \"cost\", ColumnExists \"engage\" ]",
      "DQ_check_name": "Check all important column exists in XO ETL table",
      "DQ_layer": "normalized",
      "Sheet_name": "XO Col exists"
    },
    {
      "DQ_sql": "Select * , input_cost/2 as expected_output_cost, round(((input_cost/2)-output_cost)*100/output_cost,2) as delta_cost_percent\n    from oasis_normalized_mars.mars_tam_input_output_cost_dq_staging\n    where product_brand_name = 'HEMLIBRA' and year_quarter >= '2023Q3' ",
      "DQ_ruleset": "Rules = [ColumnValues \"delta_cost_percent\" = 0]",
      "DQ_check_name": "TAM HEMLIBRA Cost Expected to be Half than as we got from source",
      "DQ_layer": "normalized",
      "Sheet_name": "TAM Hemblibra cost"
    },
    {
      "DQ_sql": "Select * , round(delta_diff*100/output_cost,2) as delta_cost_percent\n    from oasis_normalized_mars.mars_tam_input_output_cost_dq_staging\n    where (product_brand_name = 'HEMLIBRA' and year_quarter < '2023Q3') or (product_brand_name != 'HEMLIBRA')",
      "DQ_ruleset": "Rules = [(ColumnValues \"delta_cost_percent\" = 0) or ((ColumnValues \"input_cost\" = 0) and (ColumnValues \"output_cost\" = 0)) ]",
      "DQ_check_name": "TAM Cost comparison with source",
      "DQ_layer": "normalized",
      "Sheet_name": "TAM Source Comp"
    },
    {
      "DQ_sql": "select distinct product_brand_name, cast(date_year_month as string) as date_year_month, gne_867_net_sales_dollars from oasis_landing_mars.sst_ecosystem_net_sales_brand_monthly where product_brand_name in ('ACTEMRA','EVRYSDI','GAZYVA','HEMLIBRA','OCREVUS','POLIVY', 'PERJETA','PHESGO','TECENTRIQ','VABYSMO','XOLAIR','COLUMVI','LUNSUMIO') and date_year_month >= 202201",
      "DQ_ruleset": "Rules = [ColumnValues \"date_year_month\" not in [NULL, EMPTY, WHITESPACES_ONLY], ColumnValues \"gne_867_net_sales_dollars\" >= 0]",
      "DQ_check_name": "Check Negative net sales",
      "DQ_layer": "landing",
      "Sheet_name": "Negative Net sales"
    },
    {
      "DQ_sql": "select distinct product_brand_name, cast(date_year_month as string) as date_year_month, gne_867_effective_wac_sales_dollars, gne_867_sales_qty_eqv from oasis_landing_mars.sst_mcdm_hcp_site_sales_ndc_weekly where product_brand_name in ('ACTEMRA','EVRYSDI','GAZYVA','HEMLIBRA','OCREVUS','POLIVY', 'PERJETA','PHESGO','TECENTRIQ','VABYSMO','XOLAIR','COLUMVI','LUNSUMIO') and date_year_month >= 202201",
      "DQ_ruleset": "Rules = [ColumnValues \"date_year_month\" not in [NULL, EMPTY, WHITESPACES_ONLY], ColumnValues \"gne_867_effective_wac_sales_dollars\" >= 0, ColumnValues \"gne_867_sales_qty_eqv\" >= 0 ]",
      "DQ_check_name": "Check Negative sales and qty",
      "DQ_layer": "landing",
      "Sheet_name": "Negative sales and qty"
    }

  ],
  "Std_Checks": [
    {
      "db_name": "oasis_summarized_mars",
      "table_name": "mars_net_sales",
      "DQ_ruleset": "Rules = [ColumnValues \"net_sales\" >= 0 ]",
      "DQ_layer": "normalized",
      "Sheet_name": "Negative Sales"
    },
    {
      "db_name": "oasis_landing_mars",
      "table_name": "mars_xo_pivot_channel_monthly_without_publisher_dq",
      "DQ_ruleset": "Rules = [(ColumnValues \"delta_percent_reach\" between -0.05 and 0.05) or (ColumnValues \"delta_percent_engage\" between -0.05 and 0.05) or (ColumnValues \"delta_percent_cost\" between -0.05 and 0.05) ]",
      "DQ_layer": "landing",
      "Sheet_name": "Delta beyond 5 percent"
    },
    {
      "db_name": "oasis_landing_mars",
      "table_name": "finance_ce_spend_quarterly",
      "DQ_ruleset": "Rules = [ColumnValues \"year\" not in [NULL, EMPTY, WHITESPACES_ONLY], ColumnValues \"quarter\" not in [NULL, EMPTY, WHITESPACES_ONLY]]",
      "DQ_layer": "landing",
      "Sheet_name": "Finace CE Null Check"
    }
  ]
}
