{
  "bucket_name": "cmg-oasis-qa-mars",
  "crawler_role": "arn:aws:iam::648525933997:role/DMSCDC_Execution_Role",
  "old_table": "oasis_landing_mars.sst_all_media_summary_bimonthly_backup",
  "new_table": "oasis_landing_mars.sst_all_media_summary_bimonthly",
  "xo_etl_table_name" : "oasis_normalized_mars.mars_xo_staging",
  "old_table_version": 4,
  "new_table_version": null,
  "product_names": ["ALECENSA","HER2","ACTEMRA","EVRYSDI","GAZYVA","HEMLIBRA","OCREVUS","POLIVY", "PERJETA","PHESGO","TECENTRIQ","VABYSMO","XOLAIR","COLUMVI","LUNSUMIO"],
  "old_table_product_brand_col_name": "brand_name",
  "new_table_product_brand_col_name": "brand_name",
  "profiling_start_year_month" : "202201",
  "profiling_end_year_month": null,
  "output_table_database": "oasis_landing_mars",
  "group_channel_mapping": [{"group_chanel": "disp_monog_enews_hcp", "audience": "hcp", "channel": "display", "product_brand_name": "ALECENSA"}, {"group_chanel": "disp_monog_enews_hcp", "audience": "hcp", "channel": "monograph", "product_brand_name": "ALECENSA"}, {"group_chanel": "disp_monog_enews_hcp", "audience": "hcp", "channel": "enewsletter", "product_brand_name": "ALECENSA"}, {"group_chanel": "third_party_custom_programs_dtc", "audience": "dtc", "channel": "patient_custom_program", "product_brand_name": "ALECENSA"}, {"group_chanel": "third_party_custom_programs_dtc", "audience": "dtc", "channel": "alert", "product_brand_name": "ALECENSA"}, {"group_chanel": "third_party_custom_programs_dtc", "audience": "dtc", "channel": "e_detail", "product_brand_name": "ALECENSA"}, {"group_chanel": "third_party_custom_programs_hcp", "audience": "hcp", "channel": "alert", "product_brand_name": "ALECENSA"}, {"group_chanel": "third_party_custom_programs_hcp", "audience": "hcp", "channel": "e_detail", "product_brand_name": "ALECENSA"}, {"group_chanel": "third_party_custom_programs_hcp", "audience": "hcp", "channel": "third_party_site_content", "product_brand_name": "ALECENSA"}, {"group_chanel": "third_party_custom_programs_hcp", "audience": "hcp", "channel": "ehr_emr", "product_brand_name": "ALECENSA"}, {"group_chanel": "linear_tv_dtc", "audience": "dtc", "channel": "dr_cable", "product_brand_name": "ALECENSA"}, {"group_chanel": "linear_tv_dtc", "audience": "dtc", "channel": "hispanic_linear_tv", "product_brand_name": "ALECENSA"}, {"group_chanel": "linear_tv_dtc", "audience": "dtc", "channel": "local_tv", "product_brand_name": "ALECENSA"}, {"group_chanel": "linear_tv_dtc", "audience": "dtc", "channel": "linear_tv", "product_brand_name": "ALECENSA"}, {"group_chanel": "display_enews_dtc", "audience": "dtc", "channel": "display", "product_brand_name": "ALECENSA"}, {"group_chanel": "display_enews_dtc", "audience": "dtc", "channel": "enewsletter", "product_brand_name": "ALECENSA"}, {"group_chanel": "paid_search", "audience": "dtc", "channel": "paid_search", "product_brand_name": "ALECENSA"}, {"group_chanel": "paid_search", "audience": "hcp", "channel": "paid_search", "product_brand_name": "ALECENSA"}, {"group_chanel": "third_party_video_dtc", "audience": "dtc", "channel": "online_video", "product_brand_name": "ALECENSA"}, {"group_chanel": "third_party_video_dtc", "audience": "dtc", "channel": "video", "product_brand_name": "ALECENSA"}, {"group_chanel": "third_party_video_dtc", "audience": "dtc", "channel": "paid_youtube", "product_brand_name": "ALECENSA"}, {"group_chanel": "third_party_video_hcp", "audience": "hcp", "channel": "online_video", "product_brand_name": "ALECENSA"}, {"group_chanel": "third_party_video_hcp", "audience": "hcp", "channel": "video", "product_brand_name": "ALECENSA"}, {"group_chanel": "advanced_tv_dtc", "audience": "dtc", "channel": "addressable_tv", "product_brand_name": "ALECENSA"}, {"group_chanel": "advanced_tv_dtc", "audience": "dtc", "channel": "connected_tv", "product_brand_name": "ALECENSA"}, {"group_chanel": "advanced_tv_dtc", "audience": "dtc", "channel": "hispanic_connected_tv", "product_brand_name": "ALECENSA"}, {"group_chanel": "advanced_tv_dtc", "audience": "dtc", "channel": "streaming_tv", "product_brand_name": "ALECENSA"}, {"group_chanel": "paid_social_dtc", "audience": "dtc", "channel": "paid_social", "product_brand_name": "ALECENSA"}, {"group_chanel": "paid_social_dtc", "audience": "dtc", "channel": "organic_social", "product_brand_name": "ALECENSA"}, {"group_chanel": "disp_monog_enews_hcp", "audience": "hcp", "channel": "display", "product_brand_name": "GAZYVA"}, {"group_chanel": "disp_monog_enews_hcp", "audience": "hcp", "channel": "monograph", "product_brand_name": "GAZYVA"}, {"group_chanel": "disp_monog_enews_hcp", "audience": "hcp", "channel": "enewsletter", "product_brand_name": "GAZYVA"}, {"group_chanel": "third_party_custom_programs_dtc", "audience": "dtc", "channel": "patient_custom_program", "product_brand_name": "GAZYVA"}, {"group_chanel": "third_party_custom_programs_dtc", "audience": "dtc", "channel": "alert", "product_brand_name": "GAZYVA"}, {"group_chanel": "third_party_custom_programs_dtc", "audience": "dtc", "channel": "e_detail", "product_brand_name": "GAZYVA"}, {"group_chanel": "third_party_custom_programs_hcp", "audience": "hcp", "channel": "alert", "product_brand_name": "GAZYVA"}, {"group_chanel": "third_party_custom_programs_hcp", "audience": "hcp", "channel": "e_detail", "product_brand_name": "GAZYVA"}, {"group_chanel": "third_party_custom_programs_hcp", "audience": "hcp", "channel": "third_party_site_content", "product_brand_name": "GAZYVA"}, {"group_chanel": "third_party_custom_programs_hcp", "audience": "hcp", "channel": "ehr_emr", "product_brand_name": "GAZYVA"}, {"group_chanel": "linear_tv_dtc", "audience": "dtc", "channel": "dr_cable", "product_brand_name": "GAZYVA"}, {"group_chanel": "linear_tv_dtc", "audience": "dtc", "channel": "hispanic_linear_tv", "product_brand_name": "GAZYVA"}, {"group_chanel": "linear_tv_dtc", "audience": "dtc", "channel": "local_tv", "product_brand_name": "GAZYVA"}, {"group_chanel": "linear_tv_dtc", "audience": "dtc", "channel": "linear_tv", "product_brand_name": "GAZYVA"}, {"group_chanel": "display_enews_dtc", "audience": "dtc", "channel": "display", "product_brand_name": "GAZYVA"}, {"group_chanel": "display_enews_dtc", "audience": "dtc", "channel": "enewsletter", "product_brand_name": "GAZYVA"}, {"group_chanel": "paid_search", "audience": "dtc", "channel": "paid_search", "product_brand_name": "GAZYVA"}, {"group_chanel": "paid_search", "audience": "hcp", "channel": "paid_search", "product_brand_name": "GAZYVA"}, {"group_chanel": "third_party_video_dtc", "audience": "dtc", "channel": "online_video", "product_brand_name": "GAZYVA"}, {"group_chanel": "third_party_video_dtc", "audience": "dtc", "channel": "video", "product_brand_name": "GAZYVA"}, {"group_chanel": "third_party_video_dtc", "audience": "dtc", "channel": "paid_youtube", "product_brand_name": "GAZYVA"}, {"group_chanel": "third_party_video_hcp", "audience": "hcp", "channel": "online_video", "product_brand_name": "GAZYVA"}, {"group_chanel": "third_party_video_hcp", "audience": "hcp", "channel": "video", "product_brand_name": "GAZYVA"}, {"group_chanel": "advanced_tv_dtc", "audience": "dtc", "channel": "addressable_tv", "product_brand_name": "GAZYVA"}, {"group_chanel": "advanced_tv_dtc", "audience": "dtc", "channel": "connected_tv", "product_brand_name": "GAZYVA"}, {"group_chanel": "advanced_tv_dtc", "audience": "dtc", "channel": "hispanic_connected_tv", "product_brand_name": "GAZYVA"}, {"group_chanel": "advanced_tv_dtc", "audience": "dtc", "channel": "streaming_tv", "product_brand_name": "GAZYVA"}, {"group_chanel": "paid_social_dtc", "audience": "dtc", "channel": "paid_social", "product_brand_name": "GAZYVA"}, {"group_chanel": "paid_social_dtc", "audience": "dtc", "channel": "organic_social", "product_brand_name": "GAZYVA"}, {"group_chanel": "disp_monog_enews_hcp", "audience": "hcp", "channel": "display", "product_brand_name": "XOLAIR"}, {"group_chanel": "disp_monog_enews_hcp", "audience": "hcp", "channel": "monograph", "product_brand_name": "XOLAIR"}, {"group_chanel": "disp_monog_enews_hcp", "audience": "hcp", "channel": "enewsletter", "product_brand_name": "XOLAIR"}, {"group_chanel": "third_party_custom_programs_dtc", "audience": "dtc", "channel": "patient_custom_program", "product_brand_name": "XOLAIR"}, {"group_chanel": "third_party_custom_programs_dtc", "audience": "dtc", "channel": "alert", "product_brand_name": "XOLAIR"}, {"group_chanel": "third_party_custom_programs_dtc", "audience": "dtc", "channel": "e_detail", "product_brand_name": "XOLAIR"}, {"group_chanel": "third_party_custom_programs_hcp", "audience": "hcp", "channel": "alert", "product_brand_name": "XOLAIR"}, {"group_chanel": "third_party_custom_programs_hcp", "audience": "hcp", "channel": "e_detail", "product_brand_name": "XOLAIR"}, {"group_chanel": "third_party_custom_programs_hcp", "audience": "hcp", "channel": "third_party_site_content", "product_brand_name": "XOLAIR"}, {"group_chanel": "third_party_custom_programs_hcp", "audience": "hcp", "channel": "ehr_emr", "product_brand_name": "XOLAIR"}, {"group_chanel": "linear_tv_dtc", "audience": "dtc", "channel": "dr_cable", "product_brand_name": "XOLAIR"}, {"group_chanel": "linear_tv_dtc", "audience": "dtc", "channel": "hispanic_linear_tv", "product_brand_name": "XOLAIR"}, {"group_chanel": "linear_tv_dtc", "audience": "dtc", "channel": "local_tv", "product_brand_name": "XOLAIR"}, {"group_chanel": "linear_tv_dtc", "audience": "dtc", "channel": "linear_tv", "product_brand_name": "XOLAIR"}, {"group_chanel": "display_enews_dtc", "audience": "dtc", "channel": "display", "product_brand_name": "XOLAIR"}, {"group_chanel": "display_enews_dtc", "audience": "dtc", "channel": "enewsletter", "product_brand_name": "XOLAIR"}, {"group_chanel": "paid_search", "audience": "dtc", "channel": "paid_search", "product_brand_name": "XOLAIR"}, {"group_chanel": "paid_search", "audience": "hcp", "channel": "paid_search", "product_brand_name": "XOLAIR"}, {"group_chanel": "third_party_video_dtc", "audience": "dtc", "channel": "online_video", "product_brand_name": "XOLAIR"}, {"group_chanel": "third_party_video_dtc", "audience": "dtc", "channel": "video", "product_brand_name": "XOLAIR"}, {"group_chanel": "third_party_video_dtc", "audience": "dtc", "channel": "paid_youtube", "product_brand_name": "XOLAIR"}, {"group_chanel": "third_party_video_hcp", "audience": "hcp", "channel": "online_video", "product_brand_name": "XOLAIR"}, {"group_chanel": "third_party_video_hcp", "audience": "hcp", "channel": "video", "product_brand_name": "XOLAIR"}, {"group_chanel": "advanced_tv_dtc", "audience": "dtc", "channel": "addressable_tv", "product_brand_name": "XOLAIR"}, {"group_chanel": "advanced_tv_dtc", "audience": "dtc", "channel": "connected_tv", "product_brand_name": "XOLAIR"}, {"group_chanel": "advanced_tv_dtc", "audience": "dtc", "channel": "hispanic_connected_tv", "product_brand_name": "XOLAIR"}, {"group_chanel": "advanced_tv_dtc", "audience": "dtc", "channel": "streaming_tv", "product_brand_name": "XOLAIR"}, {"group_chanel": "paid_social_dtc", "audience": "dtc", "channel": "paid_social", "product_brand_name": "XOLAIR"}, {"group_chanel": "paid_social_dtc", "audience": "dtc", "channel": "organic_social", "product_brand_name": "XOLAIR"}, {"group_chanel": "disp_monog_enews_hcp", "audience": "hcp", "channel": "display", "product_brand_name": "EYLEA HD"}, {"group_chanel": "disp_monog_enews_hcp", "audience": "hcp", "channel": "monograph", "product_brand_name": "EYLEA HD"}, {"group_chanel": "disp_monog_enews_hcp", "audience": "hcp", "channel": "enewsletter", "product_brand_name": "EYLEA HD"}, {"group_chanel": "third_party_custom_programs_dtc", "audience": "dtc", "channel": "patient_custom_program", "product_brand_name": "EYLEA HD"}, {"group_chanel": "third_party_custom_programs_dtc", "audience": "dtc", "channel": "alert", "product_brand_name": "EYLEA HD"}, {"group_chanel": "third_party_custom_programs_dtc", "audience": "dtc", "channel": "e_detail", "product_brand_name": "EYLEA HD"}, {"group_chanel": "third_party_custom_programs_hcp", "audience": "hcp", "channel": "alert", "product_brand_name": "EYLEA HD"}, {"group_chanel": "third_party_custom_programs_hcp", "audience": "hcp", "channel": "e_detail", "product_brand_name": "EYLEA HD"}, {"group_chanel": "third_party_custom_programs_hcp", "audience": "hcp", "channel": "third_party_site_content", "product_brand_name": "EYLEA HD"}, {"group_chanel": "third_party_custom_programs_hcp", "audience": "hcp", "channel": "ehr_emr", "product_brand_name": "EYLEA HD"}, {"group_chanel": "linear_tv_dtc", "audience": "dtc", "channel": "dr_cable", "product_brand_name": "EYLEA HD"}, {"group_chanel": "linear_tv_dtc", "audience": "dtc", "channel": "hispanic_linear_tv", "product_brand_name": "EYLEA HD"}, {"group_chanel": "linear_tv_dtc", "audience": "dtc", "channel": "local_tv", "product_brand_name": "EYLEA HD"}, {"group_chanel": "linear_tv_dtc", "audience": "dtc", "channel": "linear_tv", "product_brand_name": "EYLEA HD"}, {"group_chanel": "display_enews_dtc", "audience": "dtc", "channel": "display", "product_brand_name": "EYLEA HD"}, {"group_chanel": "display_enews_dtc", "audience": "dtc", "channel": "enewsletter", "product_brand_name": "EYLEA HD"}, {"group_chanel": "paid_search", "audience": "dtc", "channel": "paid_search", "product_brand_name": "EYLEA HD"}, {"group_chanel": "paid_search", "audience": "hcp", "channel": "paid_search", "product_brand_name": "EYLEA HD"}, {"group_chanel": "third_party_video_dtc", "audience": "dtc", "channel": "online_video", "product_brand_name": "EYLEA HD"}, {"group_chanel": "third_party_video_dtc", "audience": "dtc", "channel": "video", "product_brand_name": "EYLEA HD"}, {"group_chanel": "third_party_video_dtc", "audience": "dtc", "channel": "paid_youtube", "product_brand_name": "EYLEA HD"}, {"group_chanel": "third_party_video_hcp", "audience": "hcp", "channel": "online_video", "product_brand_name": "EYLEA HD"}, {"group_chanel": "third_party_video_hcp", "audience": "hcp", "channel": "video", "product_brand_name": "EYLEA HD"}, {"group_chanel": "advanced_tv_dtc", "audience": "dtc", "channel": "addressable_tv", "product_brand_name": "EYLEA HD"}, {"group_chanel": "advanced_tv_dtc", "audience": "dtc", "channel": "connected_tv", "product_brand_name": "EYLEA HD"}, {"group_chanel": "advanced_tv_dtc", "audience": "dtc", "channel": "hispanic_connected_tv", "product_brand_name": "EYLEA HD"}, {"group_chanel": "advanced_tv_dtc", "audience": "dtc", "channel": "streaming_tv", "product_brand_name": "EYLEA HD"}, {"group_chanel": "paid_social_dtc", "audience": "dtc", "channel": "paid_social", "product_brand_name": "EYLEA HD"}, {"group_chanel": "paid_social_dtc", "audience": "dtc", "channel": "organic_social", "product_brand_name": "EYLEA HD"}, {"group_chanel": "disp_monog_enews_hcp", "audience": "hcp", "channel": "display", "product_brand_name": "KESIMPTA"}, {"group_chanel": "disp_monog_enews_hcp", "audience": "hcp", "channel": "monograph", "product_brand_name": "KESIMPTA"}, {"group_chanel": "disp_monog_enews_hcp", "audience": "hcp", "channel": "enewsletter", "product_brand_name": "KESIMPTA"}, {"group_chanel": "third_party_custom_programs_dtc", "audience": "dtc", "channel": "patient_custom_program", "product_brand_name": "KESIMPTA"}, {"group_chanel": "third_party_custom_programs_dtc", "audience": "dtc", "channel": "alert", "product_brand_name": "KESIMPTA"}, {"group_chanel": "third_party_custom_programs_dtc", "audience": "dtc", "channel": "e_detail", "product_brand_name": "KESIMPTA"}, {"group_chanel": "third_party_custom_programs_hcp", "audience": "hcp", "channel": "alert", "product_brand_name": "KESIMPTA"}, {"group_chanel": "third_party_custom_programs_hcp", "audience": "hcp", "channel": "e_detail", "product_brand_name": "KESIMPTA"}, {"group_chanel": "third_party_custom_programs_hcp", "audience": "hcp", "channel": "third_party_site_content", "product_brand_name": "KESIMPTA"}, {"group_chanel": "third_party_custom_programs_hcp", "audience": "hcp", "channel": "ehr_emr", "product_brand_name": "KESIMPTA"}, {"group_chanel": "linear_tv_dtc", "audience": "dtc", "channel": "dr_cable", "product_brand_name": "KESIMPTA"}, {"group_chanel": "linear_tv_dtc", "audience": "dtc", "channel": "hispanic_linear_tv", "product_brand_name": "KESIMPTA"}, {"group_chanel": "linear_tv_dtc", "audience": "dtc", "channel": "local_tv", "product_brand_name": "KESIMPTA"}, {"group_chanel": "linear_tv_dtc", "audience": "dtc", "channel": "linear_tv", "product_brand_name": "KESIMPTA"}, {"group_chanel": "display_enews_dtc", "audience": "dtc", "channel": "display", "product_brand_name": "KESIMPTA"}, {"group_chanel": "display_enews_dtc", "audience": "dtc", "channel": "enewsletter", "product_brand_name": "KESIMPTA"}, {"group_chanel": "paid_search", "audience": "dtc", "channel": "paid_search", "product_brand_name": "KESIMPTA"}, {"group_chanel": "paid_search", "audience": "hcp", "channel": "paid_search", "product_brand_name": "KESIMPTA"}, {"group_chanel": "third_party_video_dtc", "audience": "dtc", "channel": "online_video", "product_brand_name": "KESIMPTA"}, {"group_chanel": "third_party_video_dtc", "audience": "dtc", "channel": "video", "product_brand_name": "KESIMPTA"}, {"group_chanel": "third_party_video_dtc", "audience": "dtc", "channel": "paid_youtube", "product_brand_name": "KESIMPTA"}, {"group_chanel": "third_party_video_hcp", "audience": "hcp", "channel": "online_video", "product_brand_name": "KESIMPTA"}, {"group_chanel": "third_party_video_hcp", "audience": "hcp", "channel": "video", "product_brand_name": "KESIMPTA"}, {"group_chanel": "advanced_tv_dtc", "audience": "dtc", "channel": "addressable_tv", "product_brand_name": "KESIMPTA"}, {"group_chanel": "advanced_tv_dtc", "audience": "dtc", "channel": "connected_tv", "product_brand_name": "KESIMPTA"}, {"group_chanel": "advanced_tv_dtc", "audience": "dtc", "channel": "hispanic_connected_tv", "product_brand_name": "KESIMPTA"}, {"group_chanel": "advanced_tv_dtc", "audience": "dtc", "channel": "streaming_tv", "product_brand_name": "KESIMPTA"}, {"group_chanel": "paid_social_dtc", "audience": "dtc", "channel": "paid_social", "product_brand_name": "KESIMPTA"}, {"group_chanel": "paid_social_dtc", "audience": "dtc", "channel": "organic_social", "product_brand_name": "KESIMPTA"}, {"group_chanel": "disp_monog_enews_hcp", "audience": "hcp", "channel": "display", "product_brand_name": "SYFOVRE"}, {"group_chanel": "disp_monog_enews_hcp", "audience": "hcp", "channel": "monograph", "product_brand_name": "SYFOVRE"}, {"group_chanel": "disp_monog_enews_hcp", "audience": "hcp", "channel": "enewsletter", "product_brand_name": "SYFOVRE"}, {"group_chanel": "third_party_custom_programs_dtc", "audience": "dtc", "channel": "patient_custom_program", "product_brand_name": "SYFOVRE"}, {"group_chanel": "third_party_custom_programs_dtc", "audience": "dtc", "channel": "alert", "product_brand_name": "SYFOVRE"}, {"group_chanel": "third_party_custom_programs_dtc", "audience": "dtc", "channel": "e_detail", "product_brand_name": "SYFOVRE"}, {"group_chanel": "third_party_custom_programs_hcp", "audience": "hcp", "channel": "alert", "product_brand_name": "SYFOVRE"}, {"group_chanel": "third_party_custom_programs_hcp", "audience": "hcp", "channel": "e_detail", "product_brand_name": "SYFOVRE"}, {"group_chanel": "third_party_custom_programs_hcp", "audience": "hcp", "channel": "third_party_site_content", "product_brand_name": "SYFOVRE"}, {"group_chanel": "third_party_custom_programs_hcp", "audience": "hcp", "channel": "ehr_emr", "product_brand_name": "SYFOVRE"}, {"group_chanel": "linear_tv_dtc", "audience": "dtc", "channel": "dr_cable", "product_brand_name": "SYFOVRE"}, {"group_chanel": "linear_tv_dtc", "audience": "dtc", "channel": "hispanic_linear_tv", "product_brand_name": "SYFOVRE"}, {"group_chanel": "linear_tv_dtc", "audience": "dtc", "channel": "local_tv", "product_brand_name": "SYFOVRE"}, {"group_chanel": "linear_tv_dtc", "audience": "dtc", "channel": "linear_tv", "product_brand_name": "SYFOVRE"}, {"group_chanel": "display_enews_dtc", "audience": "dtc", "channel": "display", "product_brand_name": "SYFOVRE"}, {"group_chanel": "display_enews_dtc", "audience": "dtc", "channel": "enewsletter", "product_brand_name": "SYFOVRE"}, {"group_chanel": "paid_search", "audience": "dtc", "channel": "paid_search", "product_brand_name": "SYFOVRE"}, {"group_chanel": "paid_search", "audience": "hcp", "channel": "paid_search", "product_brand_name": "SYFOVRE"}, {"group_chanel": "third_party_video_dtc", "audience": "dtc", "channel": "online_video", "product_brand_name": "SYFOVRE"}, {"group_chanel": "third_party_video_dtc", "audience": "dtc", "channel": "video", "product_brand_name": "SYFOVRE"}, {"group_chanel": "third_party_video_dtc", "audience": "dtc", "channel": "paid_youtube", "product_brand_name": "SYFOVRE"}, {"group_chanel": "third_party_video_hcp", "audience": "hcp", "channel": "online_video", "product_brand_name": "SYFOVRE"}, {"group_chanel": "third_party_video_hcp", "audience": "hcp", "channel": "video", "product_brand_name": "SYFOVRE"}, {"group_chanel": "advanced_tv_dtc", "audience": "dtc", "channel": "addressable_tv", "product_brand_name": "SYFOVRE"}, {"group_chanel": "advanced_tv_dtc", "audience": "dtc", "channel": "connected_tv", "product_brand_name": "SYFOVRE"}, {"group_chanel": "advanced_tv_dtc", "audience": "dtc", "channel": "hispanic_connected_tv", "product_brand_name": "SYFOVRE"}, {"group_chanel": "advanced_tv_dtc", "audience": "dtc", "channel": "streaming_tv", "product_brand_name": "SYFOVRE"}, {"group_chanel": "paid_social_dtc", "audience": "dtc", "channel": "paid_social", "product_brand_name": "SYFOVRE"}, {"group_chanel": "paid_social_dtc", "audience": "dtc", "channel": "organic_social", "product_brand_name": "SYFOVRE"}, {"group_chanel": "disp_monog_enews_hcp", "audience": "hcp", "channel": "display", "product_brand_name": "VUMERITY"}, {"group_chanel": "disp_monog_enews_hcp", "audience": "hcp", "channel": "monograph", "product_brand_name": "VUMERITY"}, {"group_chanel": "disp_monog_enews_hcp", "audience": "hcp", "channel": "enewsletter", "product_brand_name": "VUMERITY"}, {"group_chanel": "third_party_custom_programs_dtc", "audience": "dtc", "channel": "patient_custom_program", "product_brand_name": "VUMERITY"}, {"group_chanel": "third_party_custom_programs_dtc", "audience": "dtc", "channel": "alert", "product_brand_name": "VUMERITY"}, {"group_chanel": "third_party_custom_programs_dtc", "audience": "dtc", "channel": "e_detail", "product_brand_name": "VUMERITY"}, {"group_chanel": "third_party_custom_programs_hcp", "audience": "hcp", "channel": "alert", "product_brand_name": "VUMERITY"}, {"group_chanel": "third_party_custom_programs_hcp", "audience": "hcp", "channel": "e_detail", "product_brand_name": "VUMERITY"}, {"group_chanel": "third_party_custom_programs_hcp", "audience": "hcp", "channel": "third_party_site_content", "product_brand_name": "VUMERITY"}, {"group_chanel": "third_party_custom_programs_hcp", "audience": "hcp", "channel": "ehr_emr", "product_brand_name": "VUMERITY"}, {"group_chanel": "linear_tv_dtc", "audience": "dtc", "channel": "dr_cable", "product_brand_name": "VUMERITY"}, {"group_chanel": "linear_tv_dtc", "audience": "dtc", "channel": "hispanic_linear_tv", "product_brand_name": "VUMERITY"}, {"group_chanel": "linear_tv_dtc", "audience": "dtc", "channel": "local_tv", "product_brand_name": "VUMERITY"}, {"group_chanel": "linear_tv_dtc", "audience": "dtc", "channel": "linear_tv", "product_brand_name": "VUMERITY"}, {"group_chanel": "display_enews_dtc", "audience": "dtc", "channel": "display", "product_brand_name": "VUMERITY"}, {"group_chanel": "display_enews_dtc", "audience": "dtc", "channel": "enewsletter", "product_brand_name": "VUMERITY"}, {"group_chanel": "paid_search", "audience": "dtc", "channel": "paid_search", "product_brand_name": "VUMERITY"}, {"group_chanel": "paid_search", "audience": "hcp", "channel": "paid_search", "product_brand_name": "VUMERITY"}, {"group_chanel": "third_party_video_dtc", "audience": "dtc", "channel": "online_video", "product_brand_name": "VUMERITY"}, {"group_chanel": "third_party_video_dtc", "audience": "dtc", "channel": "video", "product_brand_name": "VUMERITY"}, {"group_chanel": "third_party_video_dtc", "audience": "dtc", "channel": "paid_youtube", "product_brand_name": "VUMERITY"}, {"group_chanel": "third_party_video_hcp", "audience": "hcp", "channel": "online_video", "product_brand_name": "VUMERITY"}, {"group_chanel": "third_party_video_hcp", "audience": "hcp", "channel": "video", "product_brand_name": "VUMERITY"}, {"group_chanel": "advanced_tv_dtc", "audience": "dtc", "channel": "addressable_tv", "product_brand_name": "VUMERITY"}, {"group_chanel": "advanced_tv_dtc", "audience": "dtc", "channel": "connected_tv", "product_brand_name": "VUMERITY"}, {"group_chanel": "advanced_tv_dtc", "audience": "dtc", "channel": "hispanic_connected_tv", "product_brand_name": "VUMERITY"}, {"group_chanel": "advanced_tv_dtc", "audience": "dtc", "channel": "streaming_tv", "product_brand_name": "VUMERITY"}, {"group_chanel": "paid_social_dtc", "audience": "dtc", "channel": "paid_social", "product_brand_name": "VUMERITY"}, {"group_chanel": "paid_social_dtc", "audience": "dtc", "channel": "organic_social", "product_brand_name": "VUMERITY"}, {"group_chanel": "disp_monog_enews_hcp", "audience": "hcp", "channel": "display", "product_brand_name": "ACTEMRA"}, {"group_chanel": "disp_monog_enews_hcp", "audience": "hcp", "channel": "monograph", "product_brand_name": "ACTEMRA"}, {"group_chanel": "disp_monog_enews_hcp", "audience": "hcp", "channel": "enewsletter", "product_brand_name": "ACTEMRA"}, {"group_chanel": "third_party_custom_programs_hcp", "audience": "hcp", "channel": "alert", "product_brand_name": "ACTEMRA"}, {"group_chanel": "third_party_custom_programs_hcp", "audience": "hcp", "channel": "e_detail", "product_brand_name": "ACTEMRA"}, {"group_chanel": "third_party_custom_programs_hcp", "audience": "hcp", "channel": "third_party_site_content", "product_brand_name": "ACTEMRA"}, {"group_chanel": "third_party_custom_programs_hcp", "audience": "hcp", "channel": "ehr_emr", "product_brand_name": "ACTEMRA"}, {"group_chanel": "linear_tv_dtc", "audience": "dtc", "channel": "dr_cable", "product_brand_name": "ACTEMRA"}, {"group_chanel": "linear_tv_dtc", "audience": "dtc", "channel": "hispanic_linear_tv", "product_brand_name": "ACTEMRA"}, {"group_chanel": "linear_tv_dtc", "audience": "dtc", "channel": "local_tv", "product_brand_name": "ACTEMRA"}, {"group_chanel": "linear_tv_dtc", "audience": "dtc", "channel": "linear_tv", "product_brand_name": "ACTEMRA"}, {"group_chanel": "display_enews_dtc", "audience": "dtc", "channel": "display", "product_brand_name": "ACTEMRA"}, {"group_chanel": "display_enews_dtc", "audience": "dtc", "channel": "enewsletter", "product_brand_name": "ACTEMRA"}, {"group_chanel": "paid_search", "audience": "dtc", "channel": "paid_search", "product_brand_name": "ACTEMRA"}, {"group_chanel": "paid_search", "audience": "hcp", "channel": "paid_search", "product_brand_name": "ACTEMRA"}, {"group_chanel": "third_party_video_dtc", "audience": "dtc", "channel": "online_video", "product_brand_name": "ACTEMRA"}, {"group_chanel": "third_party_video_dtc", "audience": "dtc", "channel": "video", "product_brand_name": "ACTEMRA"}, {"group_chanel": "third_party_video_dtc", "audience": "dtc", "channel": "paid_youtube", "product_brand_name": "ACTEMRA"}, {"group_chanel": "third_party_video_hcp", "audience": "hcp", "channel": "online_video", "product_brand_name": "ACTEMRA"}, {"group_chanel": "third_party_video_hcp", "audience": "hcp", "channel": "video", "product_brand_name": "ACTEMRA"}, {"group_chanel": "advanced_tv_dtc", "audience": "dtc", "channel": "addressable_tv", "product_brand_name": "ACTEMRA"}, {"group_chanel": "advanced_tv_dtc", "audience": "dtc", "channel": "connected_tv", "product_brand_name": "ACTEMRA"}, {"group_chanel": "advanced_tv_dtc", "audience": "dtc", "channel": "hispanic_connected_tv", "product_brand_name": "ACTEMRA"}, {"group_chanel": "advanced_tv_dtc", "audience": "dtc", "channel": "streaming_tv", "product_brand_name": "ACTEMRA"}, {"group_chanel": "paid_social_dtc", "audience": "dtc", "channel": "paid_social", "product_brand_name": "ACTEMRA"}, {"group_chanel": "paid_social_dtc", "audience": "dtc", "channel": "organic_social", "product_brand_name": "ACTEMRA"}, {"group_chanel": "disp_monog_enews_hcp", "audience": "hcp", "channel": "display", "product_brand_name": "COLUMVI"}, {"group_chanel": "disp_monog_enews_hcp", "audience": "hcp", "channel": "monograph", "product_brand_name": "COLUMVI"}, {"group_chanel": "disp_monog_enews_hcp", "audience": "hcp", "channel": "enewsletter", "product_brand_name": "COLUMVI"}, {"group_chanel": "third_party_custom_programs_dtc", "audience": "dtc", "channel": "alert", "product_brand_name": "COLUMVI"}, {"group_chanel": "third_party_custom_programs_dtc", "audience": "dtc", "channel": "e_detail", "product_brand_name": "COLUMVI"}, {"group_chanel": "third_party_custom_programs_hcp", "audience": "hcp", "channel": "alert", "product_brand_name": "COLUMVI"}, {"group_chanel": "third_party_custom_programs_hcp", "audience": "hcp", "channel": "e_detail", "product_brand_name": "COLUMVI"}, {"group_chanel": "third_party_custom_programs_hcp", "audience": "hcp", "channel": "third_party_site_content", "product_brand_name": "COLUMVI"}, {"group_chanel": "third_party_custom_programs_hcp", "audience": "hcp", "channel": "ehr_emr", "product_brand_name": "COLUMVI"}, {"group_chanel": "linear_tv_dtc", "audience": "dtc", "channel": "dr_cable", "product_brand_name": "COLUMVI"}, {"group_chanel": "linear_tv_dtc", "audience": "dtc", "channel": "hispanic_linear_tv", "product_brand_name": "COLUMVI"}, {"group_chanel": "linear_tv_dtc", "audience": "dtc", "channel": "local_tv", "product_brand_name": "COLUMVI"}, {"group_chanel": "linear_tv_dtc", "audience": "dtc", "channel": "linear_tv", "product_brand_name": "COLUMVI"}, {"group_chanel": "display_enews_dtc", "audience": "dtc", "channel": "display", "product_brand_name": "COLUMVI"}, {"group_chanel": "display_enews_dtc", "audience": "dtc", "channel": "enewsletter", "product_brand_name": "COLUMVI"}, {"group_chanel": "paid_search", "audience": "dtc", "channel": "paid_search", "product_brand_name": "COLUMVI"}, {"group_chanel": "paid_search", "audience": "hcp", "channel": "paid_search", "product_brand_name": "COLUMVI"}, {"group_chanel": "third_party_video_dtc", "audience": "dtc", "channel": "online_video", "product_brand_name": "COLUMVI"}, {"group_chanel": "third_party_video_dtc", "audience": "dtc", "channel": "video", "product_brand_name": "COLUMVI"}, {"group_chanel": "third_party_video_dtc", "audience": "dtc", "channel": "paid_youtube", "product_brand_name": "COLUMVI"}, {"group_chanel": "third_party_video_hcp", "audience": "hcp", "channel": "online_video", "product_brand_name": "COLUMVI"}, {"group_chanel": "third_party_video_hcp", "audience": "hcp", "channel": "video", "product_brand_name": "COLUMVI"}, {"group_chanel": "advanced_tv_dtc", "audience": "dtc", "channel": "addressable_tv", "product_brand_name": "COLUMVI"}, {"group_chanel": "advanced_tv_dtc", "audience": "dtc", "channel": "connected_tv", "product_brand_name": "COLUMVI"}, {"group_chanel": "advanced_tv_dtc", "audience": "dtc", "channel": "hispanic_connected_tv", "product_brand_name": "COLUMVI"}, {"group_chanel": "advanced_tv_dtc", "audience": "dtc", "channel": "streaming_tv", "product_brand_name": "COLUMVI"}, {"group_chanel": "paid_social_dtc", "audience": "dtc", "channel": "paid_social", "product_brand_name": "COLUMVI"}, {"group_chanel": "paid_social_dtc", "audience": "dtc", "channel": "organic_social", "product_brand_name": "COLUMVI"}, {"group_chanel": "paid_social_hcp", "audience": "hcp", "channel": "paid_social", "product_brand_name": "COLUMVI"}, {"group_chanel": "paid_social_hcp", "audience": "hcp", "channel": "organic_social", "product_brand_name": "COLUMVI"}, {"group_chanel": "disp_monog_enews_hcp", "audience": "hcp", "channel": "display", "product_brand_name": "EVRYSDI"}, {"group_chanel": "disp_monog_enews_hcp", "audience": "hcp", "channel": "monograph", "product_brand_name": "EVRYSDI"}, {"group_chanel": "disp_monog_enews_hcp", "audience": "hcp", "channel": "enewsletter", "product_brand_name": "EVRYSDI"}, {"group_chanel": "third_party_custom_programs_dtc", "audience": "dtc", "channel": "alert", "product_brand_name": "EVRYSDI"}, {"group_chanel": "third_party_custom_programs_dtc", "audience": "dtc", "channel": "e_detail", "product_brand_name": "EVRYSDI"}, {"group_chanel": "third_party_custom_programs_hcp", "audience": "hcp", "channel": "alert", "product_brand_name": "EVRYSDI"}, {"group_chanel": "third_party_custom_programs_hcp", "audience": "hcp", "channel": "e_detail", "product_brand_name": "EVRYSDI"}, {"group_chanel": "third_party_custom_programs_hcp", "audience": "hcp", "channel": "third_party_site_content", "product_brand_name": "EVRYSDI"}, {"group_chanel": "third_party_custom_programs_hcp", "audience": "hcp", "channel": "ehr_emr", "product_brand_name": "EVRYSDI"}, {"group_chanel": "linear_tv_dtc", "audience": "dtc", "channel": "dr_cable", "product_brand_name": "EVRYSDI"}, {"group_chanel": "linear_tv_dtc", "audience": "dtc", "channel": "hispanic_linear_tv", "product_brand_name": "EVRYSDI"}, {"group_chanel": "linear_tv_dtc", "audience": "dtc", "channel": "local_tv", "product_brand_name": "EVRYSDI"}, {"group_chanel": "linear_tv_dtc", "audience": "dtc", "channel": "linear_tv", "product_brand_name": "EVRYSDI"}, {"group_chanel": "display_enews_dtc", "audience": "dtc", "channel": "display", "product_brand_name": "EVRYSDI"}, {"group_chanel": "display_enews_dtc", "audience": "dtc", "channel": "enewsletter", "product_brand_name": "EVRYSDI"}, {"group_chanel": "paid_search", "audience": "dtc", "channel": "paid_search", "product_brand_name": "EVRYSDI"}, {"group_chanel": "paid_search", "audience": "hcp", "channel": "paid_search", "product_brand_name": "EVRYSDI"}, {"group_chanel": "third_party_video_dtc", "audience": "dtc", "channel": "online_video", "product_brand_name": "EVRYSDI"}, {"group_chanel": "third_party_video_dtc", "audience": "dtc", "channel": "video", "product_brand_name": "EVRYSDI"}, {"group_chanel": "third_party_video_dtc", "audience": "dtc", "channel": "paid_youtube", "product_brand_name": "EVRYSDI"}, {"group_chanel": "third_party_video_hcp", "audience": "hcp", "channel": "online_video", "product_brand_name": "EVRYSDI"}, {"group_chanel": "third_party_video_hcp", "audience": "hcp", "channel": "video", "product_brand_name": "EVRYSDI"}, {"group_chanel": "advanced_tv_dtc", "audience": "dtc", "channel": "addressable_tv", "product_brand_name": "EVRYSDI"}, {"group_chanel": "advanced_tv_dtc", "audience": "dtc", "channel": "connected_tv", "product_brand_name": "EVRYSDI"}, {"group_chanel": "advanced_tv_dtc", "audience": "dtc", "channel": "hispanic_connected_tv", "product_brand_name": "EVRYSDI"}, {"group_chanel": "advanced_tv_dtc", "audience": "dtc", "channel": "streaming_tv", "product_brand_name": "EVRYSDI"}, {"group_chanel": "paid_social_dtc", "audience": "dtc", "channel": "paid_social", "product_brand_name": "EVRYSDI"}, {"group_chanel": "paid_social_dtc", "audience": "dtc", "channel": "organic_social", "product_brand_name": "EVRYSDI"}, {"group_chanel": "disp_monog_enews_hcp", "audience": "hcp", "channel": "display", "product_brand_name": "HEMLIBRA"}, {"group_chanel": "disp_monog_enews_hcp", "audience": "hcp", "channel": "monograph", "product_brand_name": "HEMLIBRA"}, {"group_chanel": "disp_monog_enews_hcp", "audience": "hcp", "channel": "enewsletter", "product_brand_name": "HEMLIBRA"}, {"group_chanel": "third_party_custom_programs_dtc", "audience": "dtc", "channel": "alert", "product_brand_name": "HEMLIBRA"}, {"group_chanel": "third_party_custom_programs_dtc", "audience": "dtc", "channel": "e_detail", "product_brand_name": "HEMLIBRA"}, {"group_chanel": "third_party_custom_programs_hcp", "audience": "hcp", "channel": "alert", "product_brand_name": "HEMLIBRA"}, {"group_chanel": "third_party_custom_programs_hcp", "audience": "hcp", "channel": "e_detail", "product_brand_name": "HEMLIBRA"}, {"group_chanel": "third_party_custom_programs_hcp", "audience": "hcp", "channel": "third_party_site_content", "product_brand_name": "HEMLIBRA"}, {"group_chanel": "third_party_custom_programs_hcp", "audience": "hcp", "channel": "ehr_emr", "product_brand_name": "HEMLIBRA"}, {"group_chanel": "linear_tv_dtc", "audience": "dtc", "channel": "dr_cable", "product_brand_name": "HEMLIBRA"}, {"group_chanel": "linear_tv_dtc", "audience": "dtc", "channel": "hispanic_linear_tv", "product_brand_name": "HEMLIBRA"}, {"group_chanel": "linear_tv_dtc", "audience": "dtc", "channel": "local_tv", "product_brand_name": "HEMLIBRA"}, {"group_chanel": "linear_tv_dtc", "audience": "dtc", "channel": "linear_tv", "product_brand_name": "HEMLIBRA"}, {"group_chanel": "display_enews_dtc", "audience": "dtc", "channel": "display", "product_brand_name": "HEMLIBRA"}, {"group_chanel": "display_enews_dtc", "audience": "dtc", "channel": "enewsletter", "product_brand_name": "HEMLIBRA"}, {"group_chanel": "paid_search", "audience": "dtc", "channel": "paid_search", "product_brand_name": "HEMLIBRA"}, {"group_chanel": "paid_search", "audience": "hcp", "channel": "paid_search", "product_brand_name": "HEMLIBRA"}, {"group_chanel": "third_party_video_dtc", "audience": "dtc", "channel": "online_video", "product_brand_name": "HEMLIBRA"}, {"group_chanel": "third_party_video_dtc", "audience": "dtc", "channel": "video", "product_brand_name": "HEMLIBRA"}, {"group_chanel": "third_party_video_dtc", "audience": "dtc", "channel": "paid_youtube", "product_brand_name": "HEMLIBRA"}, {"group_chanel": "third_party_video_hcp", "audience": "hcp", "channel": "online_video", "product_brand_name": "HEMLIBRA"}, {"group_chanel": "third_party_video_hcp", "audience": "hcp", "channel": "video", "product_brand_name": "HEMLIBRA"}, {"group_chanel": "advanced_tv_dtc", "audience": "dtc", "channel": "addressable_tv", "product_brand_name": "HEMLIBRA"}, {"group_chanel": "advanced_tv_dtc", "audience": "dtc", "channel": "connected_tv", "product_brand_name": "HEMLIBRA"}, {"group_chanel": "advanced_tv_dtc", "audience": "dtc", "channel": "hispanic_connected_tv", "product_brand_name": "HEMLIBRA"}, {"group_chanel": "advanced_tv_dtc", "audience": "dtc", "channel": "streaming_tv", "product_brand_name": "HEMLIBRA"}, {"group_chanel": "paid_social_dtc", "audience": "dtc", "channel": "paid_social", "product_brand_name": "HEMLIBRA"}, {"group_chanel": "paid_social_dtc", "audience": "dtc", "channel": "organic_social", "product_brand_name": "HEMLIBRA"}, {"group_chanel": "disp_monog_enews_hcp", "audience": "hcp", "channel": "display", "product_brand_name": "LUNSUMIO"}, {"group_chanel": "disp_monog_enews_hcp", "audience": "hcp", "channel": "monograph", "product_brand_name": "LUNSUMIO"}, {"group_chanel": "disp_monog_enews_hcp", "audience": "hcp", "channel": "enewsletter", "product_brand_name": "LUNSUMIO"}, {"group_chanel": "third_party_custom_programs_dtc", "audience": "dtc", "channel": "alert", "product_brand_name": "LUNSUMIO"}, {"group_chanel": "third_party_custom_programs_dtc", "audience": "dtc", "channel": "e_detail", "product_brand_name": "LUNSUMIO"}, {"group_chanel": "third_party_custom_programs_hcp", "audience": "hcp", "channel": "alert", "product_brand_name": "LUNSUMIO"}, {"group_chanel": "third_party_custom_programs_hcp", "audience": "hcp", "channel": "e_detail", "product_brand_name": "LUNSUMIO"}, {"group_chanel": "third_party_custom_programs_hcp", "audience": "hcp", "channel": "third_party_site_content", "product_brand_name": "LUNSUMIO"}, {"group_chanel": "third_party_custom_programs_hcp", "audience": "hcp", "channel": "ehr_emr", "product_brand_name": "LUNSUMIO"}, {"group_chanel": "linear_tv_dtc", "audience": "dtc", "channel": "dr_cable", "product_brand_name": "LUNSUMIO"}, {"group_chanel": "linear_tv_dtc", "audience": "dtc", "channel": "hispanic_linear_tv", "product_brand_name": "LUNSUMIO"}, {"group_chanel": "linear_tv_dtc", "audience": "dtc", "channel": "local_tv", "product_brand_name": "LUNSUMIO"}, {"group_chanel": "linear_tv_dtc", "audience": "dtc", "channel": "linear_tv", "product_brand_name": "LUNSUMIO"}, {"group_chanel": "display_enews_dtc", "audience": "dtc", "channel": "display", "product_brand_name": "LUNSUMIO"}, {"group_chanel": "display_enews_dtc", "audience": "dtc", "channel": "enewsletter", "product_brand_name": "LUNSUMIO"}, {"group_chanel": "paid_search", "audience": "dtc", "channel": "paid_search", "product_brand_name": "LUNSUMIO"}, {"group_chanel": "paid_search", "audience": "hcp", "channel": "paid_search", "product_brand_name": "LUNSUMIO"}, {"group_chanel": "third_party_video_dtc", "audience": "dtc", "channel": "online_video", "product_brand_name": "LUNSUMIO"}, {"group_chanel": "third_party_video_dtc", "audience": "dtc", "channel": "video", "product_brand_name": "LUNSUMIO"}, {"group_chanel": "third_party_video_dtc", "audience": "dtc", "channel": "paid_youtube", "product_brand_name": "LUNSUMIO"}, {"group_chanel": "third_party_video_hcp", "audience": "hcp", "channel": "online_video", "product_brand_name": "LUNSUMIO"}, {"group_chanel": "third_party_video_hcp", "audience": "hcp", "channel": "video", "product_brand_name": "LUNSUMIO"}, {"group_chanel": "advanced_tv_dtc", "audience": "dtc", "channel": "addressable_tv", "product_brand_name": "LUNSUMIO"}, {"group_chanel": "advanced_tv_dtc", "audience": "dtc", "channel": "connected_tv", "product_brand_name": "LUNSUMIO"}, {"group_chanel": "advanced_tv_dtc", "audience": "dtc", "channel": "hispanic_connected_tv", "product_brand_name": "LUNSUMIO"}, {"group_chanel": "advanced_tv_dtc", "audience": "dtc", "channel": "streaming_tv", "product_brand_name": "LUNSUMIO"}, {"group_chanel": "paid_social_dtc", "audience": "dtc", "channel": "paid_social", "product_brand_name": "LUNSUMIO"}, {"group_chanel": "paid_social_dtc", "audience": "dtc", "channel": "organic_social", "product_brand_name": "LUNSUMIO"}, {"group_chanel": "paid_social_hcp", "audience": "hcp", "channel": "paid_social", "product_brand_name": "LUNSUMIO"}, {"group_chanel": "paid_social_hcp", "audience": "hcp", "channel": "organic_social", "product_brand_name": "LUNSUMIO"}, {"group_chanel": "disp_monog_enews_hcp", "audience": "hcp", "channel": "display", "product_brand_name": "OCREVUS"}, {"group_chanel": "disp_monog_enews_hcp", "audience": "hcp", "channel": "monograph", "product_brand_name": "OCREVUS"}, {"group_chanel": "disp_monog_enews_hcp", "audience": "hcp", "channel": "enewsletter", "product_brand_name": "OCREVUS"}, {"group_chanel": "third_party_custom_programs_dtc", "audience": "dtc", "channel": "patient_custom_program", "product_brand_name": "OCREVUS"}, {"group_chanel": "third_party_custom_programs_dtc", "audience": "dtc", "channel": "alert", "product_brand_name": "OCREVUS"}, {"group_chanel": "third_party_custom_programs_dtc", "audience": "dtc", "channel": "e_detail", "product_brand_name": "OCREVUS"}, {"group_chanel": "third_party_custom_programs_hcp", "audience": "hcp", "channel": "alert", "product_brand_name": "OCREVUS"}, {"group_chanel": "third_party_custom_programs_hcp", "audience": "hcp", "channel": "e_detail", "product_brand_name": "OCREVUS"}, {"group_chanel": "third_party_custom_programs_hcp", "audience": "hcp", "channel": "third_party_site_content", "product_brand_name": "OCREVUS"}, {"group_chanel": "third_party_custom_programs_hcp", "audience": "hcp", "channel": "ehr_emr", "product_brand_name": "OCREVUS"}, {"group_chanel": "linear_tv_dtc", "audience": "dtc", "channel": "dr_cable", "product_brand_name": "OCREVUS"}, {"group_chanel": "linear_tv_dtc", "audience": "dtc", "channel": "hispanic_linear_tv", "product_brand_name": "OCREVUS"}, {"group_chanel": "linear_tv_dtc", "audience": "dtc", "channel": "local_tv", "product_brand_name": "OCREVUS"}, {"group_chanel": "linear_tv_dtc", "audience": "dtc", "channel": "linear_tv", "product_brand_name": "OCREVUS"}, {"group_chanel": "display_enews_dtc", "audience": "dtc", "channel": "display", "product_brand_name": "OCREVUS"}, {"group_chanel": "display_enews_dtc", "audience": "dtc", "channel": "enewsletter", "product_brand_name": "OCREVUS"}, {"group_chanel": "paid_search", "audience": "dtc", "channel": "paid_search", "product_brand_name": "OCREVUS"}, {"group_chanel": "paid_search", "audience": "hcp", "channel": "paid_search", "product_brand_name": "OCREVUS"}, {"group_chanel": "third_party_video_dtc", "audience": "dtc", "channel": "online_video", "product_brand_name": "OCREVUS"}, {"group_chanel": "third_party_video_dtc", "audience": "dtc", "channel": "video", "product_brand_name": "OCREVUS"}, {"group_chanel": "third_party_video_dtc", "audience": "dtc", "channel": "paid_youtube", "product_brand_name": "OCREVUS"}, {"group_chanel": "third_party_video_hcp", "audience": "hcp", "channel": "online_video", "product_brand_name": "OCREVUS"}, {"group_chanel": "third_party_video_hcp", "audience": "hcp", "channel": "video", "product_brand_name": "OCREVUS"}, {"group_chanel": "advanced_tv_dtc", "audience": "dtc", "channel": "addressable_tv", "product_brand_name": "OCREVUS"}, {"group_chanel": "advanced_tv_dtc", "audience": "dtc", "channel": "connected_tv", "product_brand_name": "OCREVUS"}, {"group_chanel": "advanced_tv_dtc", "audience": "dtc", "channel": "hispanic_connected_tv", "product_brand_name": "OCREVUS"}, {"group_chanel": "advanced_tv_dtc", "audience": "dtc", "channel": "streaming_tv", "product_brand_name": "OCREVUS"}, {"group_chanel": "paid_social_dtc", "audience": "dtc", "channel": "paid_social", "product_brand_name": "OCREVUS"}, {"group_chanel": "paid_social_dtc", "audience": "dtc", "channel": "organic_social", "product_brand_name": "OCREVUS"}, {"group_chanel": "disp_monog_enews_hcp", "audience": "hcp", "channel": "display", "product_brand_name": "PERJETA"}, {"group_chanel": "disp_monog_enews_hcp", "audience": "hcp", "channel": "monograph", "product_brand_name": "PERJETA"}, {"group_chanel": "disp_monog_enews_hcp", "audience": "hcp", "channel": "enewsletter", "product_brand_name": "PERJETA"}, {"group_chanel": "third_party_custom_programs_hcp", "audience": "hcp", "channel": "alert", "product_brand_name": "PERJETA"}, {"group_chanel": "third_party_custom_programs_hcp", "audience": "hcp", "channel": "e_detail", "product_brand_name": "PERJETA"}, {"group_chanel": "third_party_custom_programs_hcp", "audience": "hcp", "channel": "third_party_site_content", "product_brand_name": "PERJETA"}, {"group_chanel": "third_party_custom_programs_hcp", "audience": "hcp", "channel": "ehr_emr", "product_brand_name": "PERJETA"}, {"group_chanel": "linear_tv_dtc", "audience": "dtc", "channel": "dr_cable", "product_brand_name": "PERJETA"}, {"group_chanel": "linear_tv_dtc", "audience": "dtc", "channel": "hispanic_linear_tv", "product_brand_name": "PERJETA"}, {"group_chanel": "linear_tv_dtc", "audience": "dtc", "channel": "local_tv", "product_brand_name": "PERJETA"}, {"group_chanel": "linear_tv_dtc", "audience": "dtc", "channel": "linear_tv", "product_brand_name": "PERJETA"}, {"group_chanel": "display_enews_dtc", "audience": "dtc", "channel": "display", "product_brand_name": "PERJETA"}, {"group_chanel": "display_enews_dtc", "audience": "dtc", "channel": "enewsletter", "product_brand_name": "PERJETA"}, {"group_chanel": "paid_search", "audience": "dtc", "channel": "paid_search", "product_brand_name": "PERJETA"}, {"group_chanel": "paid_search", "audience": "hcp", "channel": "paid_search", "product_brand_name": "PERJETA"}, {"group_chanel": "third_party_video_dtc", "audience": "dtc", "channel": "online_video", "product_brand_name": "PERJETA"}, {"group_chanel": "third_party_video_dtc", "audience": "dtc", "channel": "video", "product_brand_name": "PERJETA"}, {"group_chanel": "third_party_video_dtc", "audience": "dtc", "channel": "paid_youtube", "product_brand_name": "PERJETA"}, {"group_chanel": "third_party_video_hcp", "audience": "hcp", "channel": "online_video", "product_brand_name": "PERJETA"}, {"group_chanel": "third_party_video_hcp", "audience": "hcp", "channel": "video", "product_brand_name": "PERJETA"}, {"group_chanel": "advanced_tv_dtc", "audience": "dtc", "channel": "addressable_tv", "product_brand_name": "PERJETA"}, {"group_chanel": "advanced_tv_dtc", "audience": "dtc", "channel": "connected_tv", "product_brand_name": "PERJETA"}, {"group_chanel": "advanced_tv_dtc", "audience": "dtc", "channel": "hispanic_connected_tv", "product_brand_name": "PERJETA"}, {"group_chanel": "advanced_tv_dtc", "audience": "dtc", "channel": "streaming_tv", "product_brand_name": "PERJETA"}, {"group_chanel": "paid_social_dtc", "audience": "dtc", "channel": "paid_social", "product_brand_name": "PERJETA"}, {"group_chanel": "paid_social_dtc", "audience": "dtc", "channel": "organic_social", "product_brand_name": "PERJETA"}, {"group_chanel": "disp_monog_enews_hcp", "audience": "hcp", "channel": "display", "product_brand_name": "PHESGO"}, {"group_chanel": "disp_monog_enews_hcp", "audience": "hcp", "channel": "monograph", "product_brand_name": "PHESGO"}, {"group_chanel": "disp_monog_enews_hcp", "audience": "hcp", "channel": "enewsletter", "product_brand_name": "PHESGO"}, {"group_chanel": "third_party_custom_programs_hcp", "audience": "hcp", "channel": "alert", "product_brand_name": "PHESGO"}, {"group_chanel": "third_party_custom_programs_hcp", "audience": "hcp", "channel": "e_detail", "product_brand_name": "PHESGO"}, {"group_chanel": "third_party_custom_programs_hcp", "audience": "hcp", "channel": "third_party_site_content", "product_brand_name": "PHESGO"}, {"group_chanel": "third_party_custom_programs_hcp", "audience": "hcp", "channel": "ehr_emr", "product_brand_name": "PHESGO"}, {"group_chanel": "linear_tv_dtc", "audience": "dtc", "channel": "dr_cable", "product_brand_name": "PHESGO"}, {"group_chanel": "linear_tv_dtc", "audience": "dtc", "channel": "hispanic_linear_tv", "product_brand_name": "PHESGO"}, {"group_chanel": "linear_tv_dtc", "audience": "dtc", "channel": "local_tv", "product_brand_name": "PHESGO"}, {"group_chanel": "linear_tv_dtc", "audience": "dtc", "channel": "linear_tv", "product_brand_name": "PHESGO"}, {"group_chanel": "display_enews_dtc", "audience": "dtc", "channel": "display", "product_brand_name": "PHESGO"}, {"group_chanel": "display_enews_dtc", "audience": "dtc", "channel": "enewsletter", "product_brand_name": "PHESGO"}, {"group_chanel": "paid_search", "audience": "dtc", "channel": "paid_search", "product_brand_name": "PHESGO"}, {"group_chanel": "paid_search", "audience": "hcp", "channel": "paid_search", "product_brand_name": "PHESGO"}, {"group_chanel": "third_party_video_dtc", "audience": "dtc", "channel": "online_video", "product_brand_name": "PHESGO"}, {"group_chanel": "third_party_video_dtc", "audience": "dtc", "channel": "video", "product_brand_name": "PHESGO"}, {"group_chanel": "third_party_video_dtc", "audience": "dtc", "channel": "paid_youtube", "product_brand_name": "PHESGO"}, {"group_chanel": "third_party_video_hcp", "audience": "hcp", "channel": "online_video", "product_brand_name": "PHESGO"}, {"group_chanel": "third_party_video_hcp", "audience": "hcp", "channel": "video", "product_brand_name": "PHESGO"}, {"group_chanel": "advanced_tv_dtc", "audience": "dtc", "channel": "addressable_tv", "product_brand_name": "PHESGO"}, {"group_chanel": "advanced_tv_dtc", "audience": "dtc", "channel": "connected_tv", "product_brand_name": "PHESGO"}, {"group_chanel": "advanced_tv_dtc", "audience": "dtc", "channel": "hispanic_connected_tv", "product_brand_name": "PHESGO"}, {"group_chanel": "advanced_tv_dtc", "audience": "dtc", "channel": "streaming_tv", "product_brand_name": "PHESGO"}, {"group_chanel": "paid_social_dtc", "audience": "dtc", "channel": "paid_social", "product_brand_name": "PHESGO"}, {"group_chanel": "paid_social_dtc", "audience": "dtc", "channel": "organic_social", "product_brand_name": "PHESGO"}, {"group_chanel": "disp_monog_enews_hcp", "audience": "hcp", "channel": "display", "product_brand_name": "POLIVY"}, {"group_chanel": "disp_monog_enews_hcp", "audience": "hcp", "channel": "monograph", "product_brand_name": "POLIVY"}, {"group_chanel": "disp_monog_enews_hcp", "audience": "hcp", "channel": "enewsletter", "product_brand_name": "POLIVY"}, {"group_chanel": "third_party_custom_programs_dtc", "audience": "dtc", "channel": "alert", "product_brand_name": "POLIVY"}, {"group_chanel": "third_party_custom_programs_dtc", "audience": "dtc", "channel": "e_detail", "product_brand_name": "POLIVY"}, {"group_chanel": "third_party_custom_programs_hcp", "audience": "hcp", "channel": "alert", "product_brand_name": "POLIVY"}, {"group_chanel": "third_party_custom_programs_hcp", "audience": "hcp", "channel": "e_detail", "product_brand_name": "POLIVY"}, {"group_chanel": "third_party_custom_programs_hcp", "audience": "hcp", "channel": "third_party_site_content", "product_brand_name": "POLIVY"}, {"group_chanel": "third_party_custom_programs_hcp", "audience": "hcp", "channel": "ehr_emr", "product_brand_name": "POLIVY"}, {"group_chanel": "linear_tv_dtc", "audience": "dtc", "channel": "dr_cable", "product_brand_name": "POLIVY"}, {"group_chanel": "linear_tv_dtc", "audience": "dtc", "channel": "hispanic_linear_tv", "product_brand_name": "POLIVY"}, {"group_chanel": "linear_tv_dtc", "audience": "dtc", "channel": "local_tv", "product_brand_name": "POLIVY"}, {"group_chanel": "linear_tv_dtc", "audience": "dtc", "channel": "linear_tv", "product_brand_name": "POLIVY"}, {"group_chanel": "display_enews_dtc", "audience": "dtc", "channel": "display", "product_brand_name": "POLIVY"}, {"group_chanel": "display_enews_dtc", "audience": "dtc", "channel": "enewsletter", "product_brand_name": "POLIVY"}, {"group_chanel": "paid_search", "audience": "dtc", "channel": "paid_search", "product_brand_name": "POLIVY"}, {"group_chanel": "paid_search", "audience": "hcp", "channel": "paid_search", "product_brand_name": "POLIVY"}, {"group_chanel": "third_party_video_dtc", "audience": "dtc", "channel": "online_video", "product_brand_name": "POLIVY"}, {"group_chanel": "third_party_video_dtc", "audience": "dtc", "channel": "video", "product_brand_name": "POLIVY"}, {"group_chanel": "third_party_video_dtc", "audience": "dtc", "channel": "paid_youtube", "product_brand_name": "POLIVY"}, {"group_chanel": "third_party_video_hcp", "audience": "hcp", "channel": "online_video", "product_brand_name": "POLIVY"}, {"group_chanel": "third_party_video_hcp", "audience": "hcp", "channel": "video", "product_brand_name": "POLIVY"}, {"group_chanel": "advanced_tv_dtc", "audience": "dtc", "channel": "addressable_tv", "product_brand_name": "POLIVY"}, {"group_chanel": "advanced_tv_dtc", "audience": "dtc", "channel": "connected_tv", "product_brand_name": "POLIVY"}, {"group_chanel": "advanced_tv_dtc", "audience": "dtc", "channel": "hispanic_connected_tv", "product_brand_name": "POLIVY"}, {"group_chanel": "advanced_tv_dtc", "audience": "dtc", "channel": "streaming_tv", "product_brand_name": "POLIVY"}, {"group_chanel": "paid_social_dtc", "audience": "dtc", "channel": "paid_social", "product_brand_name": "POLIVY"}, {"group_chanel": "paid_social_dtc", "audience": "dtc", "channel": "organic_social", "product_brand_name": "POLIVY"}, {"group_chanel": "disp_monog_enews_hcp", "audience": "hcp", "channel": "display", "product_brand_name": "TECENTRIQ"}, {"group_chanel": "disp_monog_enews_hcp", "audience": "hcp", "channel": "monograph", "product_brand_name": "TECENTRIQ"}, {"group_chanel": "disp_monog_enews_hcp", "audience": "hcp", "channel": "enewsletter", "product_brand_name": "TECENTRIQ"}, {"group_chanel": "third_party_custom_programs_hcp", "audience": "hcp", "channel": "alert", "product_brand_name": "TECENTRIQ"}, {"group_chanel": "third_party_custom_programs_hcp", "audience": "hcp", "channel": "e_detail", "product_brand_name": "TECENTRIQ"}, {"group_chanel": "third_party_custom_programs_hcp", "audience": "hcp", "channel": "third_party_site_content", "product_brand_name": "TECENTRIQ"}, {"group_chanel": "third_party_custom_programs_hcp", "audience": "hcp", "channel": "ehr_emr", "product_brand_name": "TECENTRIQ"}, {"group_chanel": "linear_tv_dtc", "audience": "dtc", "channel": "dr_cable", "product_brand_name": "TECENTRIQ"}, {"group_chanel": "linear_tv_dtc", "audience": "dtc", "channel": "hispanic_linear_tv", "product_brand_name": "TECENTRIQ"}, {"group_chanel": "linear_tv_dtc", "audience": "dtc", "channel": "local_tv", "product_brand_name": "TECENTRIQ"}, {"group_chanel": "linear_tv_dtc", "audience": "dtc", "channel": "linear_tv", "product_brand_name": "TECENTRIQ"}, {"group_chanel": "display_enews_dtc", "audience": "dtc", "channel": "display", "product_brand_name": "TECENTRIQ"}, {"group_chanel": "display_enews_dtc", "audience": "dtc", "channel": "enewsletter", "product_brand_name": "TECENTRIQ"}, {"group_chanel": "paid_search", "audience": "dtc", "channel": "paid_search", "product_brand_name": "TECENTRIQ"}, {"group_chanel": "paid_search", "audience": "hcp", "channel": "paid_search", "product_brand_name": "TECENTRIQ"}, {"group_chanel": "third_party_video_dtc", "audience": "dtc", "channel": "online_video", "product_brand_name": "TECENTRIQ"}, {"group_chanel": "third_party_video_dtc", "audience": "dtc", "channel": "video", "product_brand_name": "TECENTRIQ"}, {"group_chanel": "third_party_video_dtc", "audience": "dtc", "channel": "paid_youtube", "product_brand_name": "TECENTRIQ"}, {"group_chanel": "third_party_video_hcp", "audience": "hcp", "channel": "online_video", "product_brand_name": "TECENTRIQ"}, {"group_chanel": "third_party_video_hcp", "audience": "hcp", "channel": "video", "product_brand_name": "TECENTRIQ"}, {"group_chanel": "advanced_tv_dtc", "audience": "dtc", "channel": "addressable_tv", "product_brand_name": "TECENTRIQ"}, {"group_chanel": "advanced_tv_dtc", "audience": "dtc", "channel": "connected_tv", "product_brand_name": "TECENTRIQ"}, {"group_chanel": "advanced_tv_dtc", "audience": "dtc", "channel": "hispanic_connected_tv", "product_brand_name": "TECENTRIQ"}, {"group_chanel": "advanced_tv_dtc", "audience": "dtc", "channel": "streaming_tv", "product_brand_name": "TECENTRIQ"}, {"group_chanel": "paid_social_dtc", "audience": "dtc", "channel": "paid_social", "product_brand_name": "TECENTRIQ"}, {"group_chanel": "paid_social_dtc", "audience": "dtc", "channel": "organic_social", "product_brand_name": "TECENTRIQ"}, {"group_chanel": "disp_monog_enews_hcp", "audience": "hcp", "channel": "display", "product_brand_name": "VABYSMO"}, {"group_chanel": "disp_monog_enews_hcp", "audience": "hcp", "channel": "monograph", "product_brand_name": "VABYSMO"}, {"group_chanel": "disp_monog_enews_hcp", "audience": "hcp", "channel": "enewsletter", "product_brand_name": "VABYSMO"}, {"group_chanel": "third_party_custom_programs_dtc", "audience": "dtc", "channel": "alert", "product_brand_name": "VABYSMO"}, {"group_chanel": "third_party_custom_programs_dtc", "audience": "dtc", "channel": "e_detail", "product_brand_name": "VABYSMO"}, {"group_chanel": "third_party_custom_programs_hcp", "audience": "hcp", "channel": "alert", "product_brand_name": "VABYSMO"}, {"group_chanel": "third_party_custom_programs_hcp", "audience": "hcp", "channel": "e_detail", "product_brand_name": "VABYSMO"}, {"group_chanel": "third_party_custom_programs_hcp", "audience": "hcp", "channel": "third_party_site_content", "product_brand_name": "VABYSMO"}, {"group_chanel": "third_party_custom_programs_hcp", "audience": "hcp", "channel": "ehr_emr", "product_brand_name": "VABYSMO"}, {"group_chanel": "tv_dtc", "audience": "dtc", "channel": "dr_cable", "product_brand_name": "VABYSMO"}, {"group_chanel": "tv_dtc", "audience": "dtc", "channel": "hispanic_linear_tv", "product_brand_name": "VABYSMO"}, {"group_chanel": "tv_dtc", "audience": "dtc", "channel": "local_tv", "product_brand_name": "VABYSMO"}, {"group_chanel": "tv_dtc", "audience": "dtc", "channel": "linear_tv", "product_brand_name": "VABYSMO"}, {"group_chanel": "tv_dtc", "audience": "dtc", "channel": "addressable_tv", "product_brand_name": "VABYSMO"}, {"group_chanel": "tv_dtc", "audience": "dtc", "channel": "connected_tv", "product_brand_name": "VABYSMO"}, {"group_chanel": "tv_dtc", "audience": "dtc", "channel": "hispanic_connected_tv", "product_brand_name": "VABYSMO"}, {"group_chanel": "tv_dtc", "audience": "dtc", "channel": "streaming_tv", "product_brand_name": "VABYSMO"}, {"group_chanel": "display_enews_dtc", "audience": "dtc", "channel": "display", "product_brand_name": "VABYSMO"}, {"group_chanel": "display_enews_dtc", "audience": "dtc", "channel": "enewsletter", "product_brand_name": "VABYSMO"}, {"group_chanel": "paid_search", "audience": "dtc", "channel": "paid_search", "product_brand_name": "VABYSMO"}, {"group_chanel": "paid_search", "audience": "hcp", "channel": "paid_search", "product_brand_name": "VABYSMO"}, {"group_chanel": "third_party_video_dtc", "audience": "dtc", "channel": "online_video", "product_brand_name": "VABYSMO"}, {"group_chanel": "third_party_video_dtc", "audience": "dtc", "channel": "video", "product_brand_name": "VABYSMO"}, {"group_chanel": "third_party_video_dtc", "audience": "dtc", "channel": "paid_youtube", "product_brand_name": "VABYSMO"}, {"group_chanel": "third_party_video_hcp", "audience": "hcp", "channel": "online_video", "product_brand_name": "VABYSMO"}, {"group_chanel": "third_party_video_hcp", "audience": "hcp", "channel": "video", "product_brand_name": "VABYSMO"}, {"group_chanel": "paid_social_dtc", "audience": "dtc", "channel": "paid_social", "product_brand_name": "VABYSMO"}, {"group_chanel": "paid_social_dtc", "audience": "dtc", "channel": "organic_social", "product_brand_name": "VABYSMO"}]
}
